{
  "protocol_version" : "0.0.6",
  "configuration" : {
    "version" : "(6.13.0) (explicit/2fc24ca4040)",
    "tlc" : "__thread",
    "sigsgev" : "normal",
    "notifications" : "kqueue",
    "architecture" : "arm64",
    "disabled_features" : "com,shared_perfcounters",
    "smallconfig" : "disabled",
    "bigarrays" : "disabled",
    "softdebug" : "enabled",
    "interpreter" : "enabled",
    "llvm_support" : "disabled",
    "suspend" : "preemptive"
  },
  "memory" : {
    "Resident Size" : "511393792",
    "Virtual Size" : "420544380928",
    "minor_gc_time" : "0",
    "major_gc_time" : "16455",
    "minor_gc_count" : "0",
    "major_gc_count" : "2",
    "major_gc_time_concurrent" : "0"
 },
  "threads" : [
 {
    "is_managed" : true,
    "offset_free_hash" : "0x44974da461",
    "offset_rich_hash" : "0x44974daf5c",
    "crashed" : true,
    "native_thread_id" : "0x10a09c580",
    "thread_info_addr" : "0x1362cda00",
    "thread_name" : "tid_103",
    "ctx" : {
      "IP" : "0x16422c768",
      "SP" : "0x16bbcdb20",
      "BP" : "0x16bbcdb60"
  },
    "managed_frames" : [
  {
      "is_managed" : "false",
      "native_address" : "unregistered"
   }
,
  {
      "is_managed" : "true",
      "guid" : "CC07565D-1E88-4982-B048-75F1B674AFB1",
      "token" : "0x00000",
      "native_offset" : "0x0",
      "filename" : "mscorlib.dll",
      "sizeofimage" : "0x470000",
      "timestamp" : "0xa0d14779",
      "il_offset" : "0xffffffff"
   }
,
  {
      "is_managed" : "true",
      "guid" : "CC07565D-1E88-4982-B048-75F1B674AFB1",
      "token" : "0x6000579",
      "native_offset" : "0x0",
      "filename" : "mscorlib.dll",
      "sizeofimage" : "0x470000",
      "timestamp" : "0xa0d14779",
      "il_offset" : "0x00021"
   }
,
  {
      "is_managed" : "true",
      "guid" : "CC07565D-1E88-4982-B048-75F1B674AFB1",
      "token" : "0x6000572",
      "native_offset" : "0x0",
      "filename" : "mscorlib.dll",
      "sizeofimage" : "0x470000",
      "timestamp" : "0xa0d14779",
      "il_offset" : "0x0009d"
   }
,
  {
      "is_managed" : "true",
      "guid" : "CC07565D-1E88-4982-B048-75F1B674AFB1",
      "token" : "0x600056e",
      "native_offset" : "0x0",
      "filename" : "mscorlib.dll",
      "sizeofimage" : "0x470000",
      "timestamp" : "0xa0d14779",
      "il_offset" : "0x00007"
   }
,
  {
      "is_managed" : "true",
      "guid" : "CC07565D-1E88-4982-B048-75F1B674AFB1",
      "token" : "0x60059c8",
      "native_offset" : "0x0",
      "filename" : "mscorlib.dll",
      "sizeofimage" : "0x470000",
      "timestamp" : "0xa0d14779",
      "il_offset" : "0x00025"
   }
,
  {
      "is_managed" : "true",
      "guid" : "CC07565D-1E88-4982-B048-75F1B674AFB1",
      "token" : "0x60059b8",
      "native_offset" : "0x0",
      "filename" : "mscorlib.dll",
      "sizeofimage" : "0x470000",
      "timestamp" : "0xa0d14779",
      "il_offset" : "0x001db"
   }
,
  {
      "is_managed" : "true",
      "guid" : "CC07565D-1E88-4982-B048-75F1B674AFB1",
      "token" : "0x60059b3",
      "native_offset" : "0x0",
      "filename" : "mscorlib.dll",
      "sizeofimage" : "0x470000",
      "timestamp" : "0xa0d14779",
      "il_offset" : "0x00000"
   }
,
  {
      "is_managed" : "true",
      "guid" : "CC07565D-1E88-4982-B048-75F1B674AFB1",
      "token" : "0x600564d",
      "native_offset" : "0x0",
      "filename" : "mscorlib.dll",
      "sizeofimage" : "0x470000",
      "timestamp" : "0xa0d14779",
      "il_offset" : "0x00013"
   }
,
  {
      "is_managed" : "true",
      "guid" : "CC07565D-1E88-4982-B048-75F1B674AFB1",
      "token" : "0x600591e",
      "native_offset" : "0x0",
      "filename" : "mscorlib.dll",
      "sizeofimage" : "0x470000",
      "timestamp" : "0xa0d14779",
      "il_offset" : "0x0013f"
   }
,
  {
      "is_managed" : "true",
      "guid" : "CC07565D-1E88-4982-B048-75F1B674AFB1",
      "token" : "0x6005914",
      "native_offset" : "0x0",
      "filename" : "mscorlib.dll",
      "sizeofimage" : "0x470000",
      "timestamp" : "0xa0d14779",
      "il_offset" : "0x00000"
   }
,
  {
      "is_managed" : "true",
      "guid" : "CC07565D-1E88-4982-B048-75F1B674AFB1",
      "token" : "0x00000",
      "native_offset" : "0x0",
      "filename" : "mscorlib.dll",
      "sizeofimage" : "0x470000",
      "timestamp" : "0xa0d14779",
      "il_offset" : "0x0001f"
   }
,
  {
      "is_managed" : "true",
      "guid" : "CC07565D-1E88-4982-B048-75F1B674AFB1",
      "token" : "0x6000622",
      "native_offset" : "0x0",
      "filename" : "mscorlib.dll",
      "sizeofimage" : "0x470000",
      "timestamp" : "0xa0d14779",
      "il_offset" : "0x00000"
   }
,
  {
      "is_managed" : "true",
      "guid" : "CC07565D-1E88-4982-B048-75F1B674AFB1",
      "token" : "0x60006cf",
      "native_offset" : "0x0",
      "filename" : "mscorlib.dll",
      "sizeofimage" : "0x470000",
      "timestamp" : "0xa0d14779",
      "il_offset" : "0x0001e"
   }
,
  {
      "is_managed" : "true",
      "guid" : "CC07565D-1E88-4982-B048-75F1B674AFB1",
      "token" : "0x6000620",
      "native_offset" : "0x0",
      "filename" : "mscorlib.dll",
      "sizeofimage" : "0x470000",
      "timestamp" : "0xa0d14779",
      "il_offset" : "0x000d2"
   }
,
  {
      "is_managed" : "true",
      "guid" : "CC07565D-1E88-4982-B048-75F1B674AFB1",
      "token" : "0x6000621",
      "native_offset" : "0x0",
      "filename" : "mscorlib.dll",
      "sizeofimage" : "0x470000",
      "timestamp" : "0xa0d14779",
      "il_offset" : "0x00062"
   }
,
  {
      "is_managed" : "true",
      "guid" : "CC07565D-1E88-4982-B048-75F1B674AFB1",
      "token" : "0x600061d",
      "native_offset" : "0x0",
      "filename" : "mscorlib.dll",
      "sizeofimage" : "0x470000",
      "timestamp" : "0xa0d14779",
      "il_offset" : "0x0002a"
   }
,
  {
      "is_managed" : "true",
      "guid" : "CC07565D-1E88-4982-B048-75F1B674AFB1",
      "token" : "0x600061b",
      "native_offset" : "0x0",
      "filename" : "mscorlib.dll",
      "sizeofimage" : "0x470000",
      "timestamp" : "0xa0d14779",
      "il_offset" : "0x0000f"
   }
,
  {
      "is_managed" : "true",
      "guid" : "CC07565D-1E88-4982-B048-75F1B674AFB1",
      "token" : "0x6000623",
      "native_offset" : "0x0",
      "filename" : "mscorlib.dll",
      "sizeofimage" : "0x470000",
      "timestamp" : "0xa0d14779",
      "il_offset" : "0x00000"
   }
,
  {
      "is_managed" : "true",
      "guid" : "CC07565D-1E88-4982-B048-75F1B674AFB1",
      "token" : "0x6000618",
      "native_offset" : "0x0",
      "filename" : "mscorlib.dll",
      "sizeofimage" : "0x470000",
      "timestamp" : "0xa0d14779",
      "il_offset" : "0x00000"
   }
,
  {
      "is_managed" : "true",
      "guid" : "CC07565D-1E88-4982-B048-75F1B674AFB1",
      "token" : "0x60006ca",
      "native_offset" : "0x0",
      "filename" : "mscorlib.dll",
      "sizeofimage" : "0x470000",
      "timestamp" : "0xa0d14779",
      "il_offset" : "0x00018"
   }
,
  {
      "is_managed" : "true",
      "guid" : "CC07565D-1E88-4982-B048-75F1B674AFB1",
      "token" : "0x60006cb",
      "native_offset" : "0x0",
      "filename" : "mscorlib.dll",
      "sizeofimage" : "0x470000",
      "timestamp" : "0xa0d14779",
      "il_offset" : "0x0000c"
   }
,
  {
      "is_managed" : "true",
      "guid" : "CC07565D-1E88-4982-B048-75F1B674AFB1",
      "token" : "0x6000669",
      "native_offset" : "0x0",
      "filename" : "mscorlib.dll",
      "sizeofimage" : "0x470000",
      "timestamp" : "0xa0d14779",
      "il_offset" : "0x00000"
   }
,
  {
      "is_managed" : "true",
      "guid" : "CC07565D-1E88-4982-B048-75F1B674AFB1",
      "token" : "0x6000a44",
      "native_offset" : "0x0",
      "filename" : "mscorlib.dll",
      "sizeofimage" : "0x470000",
      "timestamp" : "0xa0d14779",
      "il_offset" : "0x00014"
   }
,
  {
      "is_managed" : "true",
      "guid" : "CC07565D-1E88-4982-B048-75F1B674AFB1",
      "token" : "0x6000aba",
      "native_offset" : "0x0",
      "filename" : "mscorlib.dll",
      "sizeofimage" : "0x470000",
      "timestamp" : "0xa0d14779",
      "il_offset" : "0x00007"
   }
,
  {
      "is_managed" : "true",
      "guid" : "CC07565D-1E88-4982-B048-75F1B674AFB1",
      "token" : "0x6000ab9",
      "native_offset" : "0x0",
      "filename" : "mscorlib.dll",
      "sizeofimage" : "0x470000",
      "timestamp" : "0xa0d14779",
      "il_offset" : "0x00000"
   }
,
  {
      "is_managed" : "true",
      "guid" : "CC07565D-1E88-4982-B048-75F1B674AFB1",
      "token" : "0x600574f",
      "native_offset" : "0x0",
      "filename" : "mscorlib.dll",
      "sizeofimage" : "0x470000",
      "timestamp" : "0xa0d14779",
      "il_offset" : "0x00014"
   }
,
  {
      "is_managed" : "true",
      "guid" : "CC07565D-1E88-4982-B048-75F1B674AFB1",
      "token" : "0x600574d",
      "native_offset" : "0x0",
      "filename" : "mscorlib.dll",
      "sizeofimage" : "0x470000",
      "timestamp" : "0xa0d14779",
      "il_offset" : "0x00018"
   }
,
  {
      "is_managed" : "true",
      "guid" : "CC07565D-1E88-4982-B048-75F1B674AFB1",
      "token" : "0x6005777",
      "native_offset" : "0x0",
      "filename" : "mscorlib.dll",
      "sizeofimage" : "0x470000",
      "timestamp" : "0xa0d14779",
      "il_offset" : "0x00011"
   }
,
  {
      "is_managed" : "true",
      "guid" : "CC07565D-1E88-4982-B048-75F1B674AFB1",
      "token" : "0x600578e",
      "native_offset" : "0x0",
      "filename" : "mscorlib.dll",
      "sizeofimage" : "0x470000",
      "timestamp" : "0xa0d14779",
      "il_offset" : "0x00000"
   }
,
  {
      "is_managed" : "true",
      "guid" : "CC07565D-1E88-4982-B048-75F1B674AFB1",
      "token" : "0x600578c",
      "native_offset" : "0x0",
      "filename" : "mscorlib.dll",
      "sizeofimage" : "0x470000",
      "timestamp" : "0xa0d14779",
      "il_offset" : "0x00000"
   }
,
  {
      "is_managed" : "true",
      "guid" : "CC07565D-1E88-4982-B048-75F1B674AFB1",
      "token" : "0x6005769",
      "native_offset" : "0x0",
      "filename" : "mscorlib.dll",
      "sizeofimage" : "0x470000",
      "timestamp" : "0xa0d14779",
      "il_offset" : "0x00009"
   }
,
  {
      "is_managed" : "true",
      "guid" : "CC07565D-1E88-4982-B048-75F1B674AFB1",
      "token" : "0x60056d6",
      "native_offset" : "0x0",
      "filename" : "mscorlib.dll",
      "sizeofimage" : "0x470000",
      "timestamp" : "0xa0d14779",
      "il_offset" : "0x00006"
   }
,
  {
      "is_managed" : "true",
      "guid" : "B6AA8FDF-6D81-44E5-88CC-59C2555FB2D5",
      "token" : "0x6000f2f",
      "native_offset" : "0x0",
      "filename" : "Burst.Compiler.IL.dll",
      "sizeofimage" : "0x164000",
      "timestamp" : "0xb3b5a32c",
      "il_offset" : "0x00014"
   }
,
  {
      "is_managed" : "true",
      "guid" : "B6AA8FDF-6D81-44E5-88CC-59C2555FB2D5",
      "token" : "0x6000022",
      "native_offset" : "0x0",
      "filename" : "Burst.Compiler.IL.dll",
      "sizeofimage" : "0x164000",
      "timestamp" : "0xb3b5a32c",
      "il_offset" : "0x0001d"
   }
,
  {
      "is_managed" : "true",
      "guid" : "B6AA8FDF-6D81-44E5-88CC-59C2555FB2D5",
      "token" : "0x6000014",
      "native_offset" : "0x0",
      "filename" : "Burst.Compiler.IL.dll",
      "sizeofimage" : "0x164000",
      "timestamp" : "0xb3b5a32c",
      "il_offset" : "0x00087"
   }
,
  {
      "is_managed" : "true",
      "guid" : "B6AA8FDF-6D81-44E5-88CC-59C2555FB2D5",
      "token" : "0x6000015",
      "native_offset" : "0x0",
      "filename" : "Burst.Compiler.IL.dll",
      "sizeofimage" : "0x164000",
      "timestamp" : "0xb3b5a32c",
      "il_offset" : "0x00000"
   }
,
  {
      "is_managed" : "true",
      "guid" : "B6AA8FDF-6D81-44E5-88CC-59C2555FB2D5",
      "token" : "0x6000717",
      "native_offset" : "0x0",
      "filename" : "Burst.Compiler.IL.dll",
      "sizeofimage" : "0x164000",
      "timestamp" : "0xb3b5a32c",
      "il_offset" : "0x000f3"
   }
,
  {
      "is_managed" : "true",
      "guid" : "B6AA8FDF-6D81-44E5-88CC-59C2555FB2D5",
      "token" : "0x6000783",
      "native_offset" : "0x0",
      "filename" : "Burst.Compiler.IL.dll",
      "sizeofimage" : "0x164000",
      "timestamp" : "0xb3b5a32c",
      "il_offset" : "0x0003c"
   }
,
  {
      "is_managed" : "true",
      "guid" : "B6AA8FDF-6D81-44E5-88CC-59C2555FB2D5",
      "token" : "0x600077e",
      "native_offset" : "0x0",
      "filename" : "Burst.Compiler.IL.dll",
      "sizeofimage" : "0x164000",
      "timestamp" : "0xb3b5a32c",
      "il_offset" : "0x0004a"
   }
,
  {
      "is_managed" : "true",
      "guid" : "B6AA8FDF-6D81-44E5-88CC-59C2555FB2D5",
      "token" : "0x00000",
      "native_offset" : "0x0",
      "filename" : "Burst.Compiler.IL.dll",
      "sizeofimage" : "0x164000",
      "timestamp" : "0xb3b5a32c",
      "il_offset" : "0x0002a"
   }
,
  {
      "is_managed" : "false",
      "native_address" : "unregistered"
   }
,
  {
      "is_managed" : "true",
      "guid" : "21999E26-4CA3-49A1-92C1-A21308164235",
      "token" : "0x00000",
      "native_offset" : "0x0",
      "filename" : "UnityEngine.CoreModule.dll",
      "sizeofimage" : "0x15e000",
      "timestamp" : "0xd45c566d",
      "il_offset" : "0xffffffff"
   }
,
  {
      "is_managed" : "true",
      "guid" : "0E24998A-B98D-4A28-8F02-893E7CD55104",
      "token" : "0x6000043",
      "native_offset" : "0x0",
      "filename" : "Unity.Burst.dll",
      "sizeofimage" : "0x58000",
      "timestamp" : "0xfdb2f5eb",
      "il_offset" : "0x00020"
   }
,
  {
      "is_managed" : "true",
      "guid" : "0E24998A-B98D-4A28-8F02-893E7CD55104",
      "token" : "0x600002f",
      "native_offset" : "0x0",
      "filename" : "Unity.Burst.dll",
      "sizeofimage" : "0x58000",
      "timestamp" : "0xfdb2f5eb",
      "il_offset" : "0x00000"
   }
,
  {
      "is_managed" : "true",
      "guid" : "0E24998A-B98D-4A28-8F02-893E7CD55104",
      "token" : "0x6000154",
      "native_offset" : "0x0",
      "filename" : "Unity.Burst.dll",
      "sizeofimage" : "0x58000",
      "timestamp" : "0xfdb2f5eb",
      "il_offset" : "0x00138"
   }
,
  {
      "is_managed" : "true",
      "guid" : "CC07565D-1E88-4982-B048-75F1B674AFB1",
      "token" : "0x00000",
      "native_offset" : "0x0",
      "filename" : "mscorlib.dll",
      "sizeofimage" : "0x470000",
      "timestamp" : "0xa0d14779",
      "il_offset" : "0x0002a"
   }
,
  {
      "is_managed" : "false",
      "native_address" : "unregistered"
   }
,
  {
      "is_managed" : "true",
      "guid" : "CC07565D-1E88-4982-B048-75F1B674AFB1",
      "token" : "0x00000",
      "native_offset" : "0x0",
      "filename" : "mscorlib.dll",
      "sizeofimage" : "0x470000",
      "timestamp" : "0xa0d14779",
      "il_offset" : "0xffffffff"
   }
,
  {
      "is_managed" : "true",
      "guid" : "CC07565D-1E88-4982-B048-75F1B674AFB1",
      "token" : "0x600471a",
      "native_offset" : "0x0",
      "filename" : "mscorlib.dll",
      "sizeofimage" : "0x470000",
      "timestamp" : "0xa0d14779",
      "il_offset" : "0x0002a"
   }
,
  {
      "is_managed" : "true",
      "guid" : "8F8DCEDA-F280-4841-97E0-5E476A05977B",
      "token" : "0x6002b25",
      "native_offset" : "0x0",
      "filename" : "UnityEditor.CoreModule.dll",
      "sizeofimage" : "0x812000",
      "timestamp" : "0x90fe0bd2",
      "il_offset" : "0x00081"
   }
,
  {
      "is_managed" : "true",
      "guid" : "8F8DCEDA-F280-4841-97E0-5E476A05977B",
      "token" : "0x00000",
      "native_offset" : "0x0",
      "filename" : "UnityEditor.CoreModule.dll",
      "sizeofimage" : "0x812000",
      "timestamp" : "0x90fe0bd2",
      "il_offset" : "0x0002a"
   }

  ],
  "unmanaged_frames" : [
 {
    "is_managed" : "false",
    "native_address" : "0x164081fd4",
    "native_offset" : "0x00000"
  }
,
 {
    "is_managed" : "false",
    "native_address" : "0x1641b88ec",
    "native_offset" : "0x00000"
  }
,
 {
    "is_managed" : "false",
    "native_address" : "0x1641b8c48",
    "native_offset" : "0x00000"
  }
,
 {
    "is_managed" : "false",
    "native_address" : "0x1641b9238",
    "native_offset" : "0x00000"
  }
,
 {
    "is_managed" : "false",
    "native_address" : "0x1640c3c7c",
    "native_offset" : "0x00000"
  }
,
 {
    "is_managed" : "false",
    "native_address" : "0x164086010",
    "native_offset" : "0x00000"
  }
,
 {
    "is_managed" : "false",
    "native_address" : "0x16400e9c8",
    "native_offset" : "0x00000"
  }
,
 {
    "is_managed" : "false",
    "native_address" : "0x1a80714c4",
    "native_offset" : "0x00000"
  }
,
 {
    "is_managed" : "false",
    "native_address" : "0x1641f5e70",
    "native_offset" : "0x00000"
  }
,
 {
    "is_managed" : "false",
    "native_address" : "0x16422aa10",
    "native_offset" : "0x00000"
  }
,
 {
    "is_managed" : "false",
    "native_address" : "0x164229ffc",
    "native_offset" : "0x00000"
  }
,
 {
    "is_managed" : "false",
    "native_address" : "0x164229a60",
    "native_offset" : "0x00000"
  }
,
 {
    "is_managed" : "false",
    "native_address" : "0x16422a61c",
    "native_offset" : "0x00000"
  }
,
 {
    "is_managed" : "false",
    "native_address" : "0x16422c2c4",
    "native_offset" : "0x00000"
  }
,
 {
    "is_managed" : "false",
    "native_address" : "0x164226464",
    "native_offset" : "0x00000"
  }
,
 {
    "is_managed" : "false",
    "native_address" : "0x16422ccec",
    "native_offset" : "0x00000"
  }
,
 {
    "is_managed" : "false",
    "native_address" : "0x164230db4",
    "native_offset" : "0x00000"
  }
,
 {
    "is_managed" : "false",
    "native_address" : "0x1641f6a54",
    "native_offset" : "0x00000"
  }
,
 {
    "is_managed" : "false",
    "native_address" : "0x16419cc68",
    "native_offset" : "0x00000"
  }
,
 {
    "is_managed" : "false",
    "native_address" : "0x16419cd8c",
    "native_offset" : "0x00000"
  }
,
 {
    "is_managed" : "true",
    "guid" : "CC07565D-1E88-4982-B048-75F1B674AFB1",
    "token" : "0x00000",
    "native_offset" : "0x0",
    "filename" : "mscorlib.dll",
    "sizeofimage" : "0x470000",
    "timestamp" : "0xa0d14779",
    "il_offset" : "0x00000"
  }
,
 {
    "is_managed" : "true",
    "guid" : "CC07565D-1E88-4982-B048-75F1B674AFB1",
    "token" : "0x6000579",
    "native_offset" : "0x0",
    "filename" : "mscorlib.dll",
    "sizeofimage" : "0x470000",
    "timestamp" : "0xa0d14779",
    "il_offset" : "0x00000"
  }
,
 {
    "is_managed" : "true",
    "guid" : "CC07565D-1E88-4982-B048-75F1B674AFB1",
    "token" : "0x6000572",
    "native_offset" : "0x0",
    "filename" : "mscorlib.dll",
    "sizeofimage" : "0x470000",
    "timestamp" : "0xa0d14779",
    "il_offset" : "0x00000"
  }
,
 {
    "is_managed" : "true",
    "guid" : "CC07565D-1E88-4982-B048-75F1B674AFB1",
    "token" : "0x600056e",
    "native_offset" : "0x0",
    "filename" : "mscorlib.dll",
    "sizeofimage" : "0x470000",
    "timestamp" : "0xa0d14779",
    "il_offset" : "0x00000"
  }
,
 {
    "is_managed" : "true",
    "guid" : "CC07565D-1E88-4982-B048-75F1B674AFB1",
    "token" : "0x60059c8",
    "native_offset" : "0x0",
    "filename" : "mscorlib.dll",
    "sizeofimage" : "0x470000",
    "timestamp" : "0xa0d14779",
    "il_offset" : "0x00000"
  }
,
 {
    "is_managed" : "true",
    "guid" : "CC07565D-1E88-4982-B048-75F1B674AFB1",
    "token" : "0x60059b8",
    "native_offset" : "0x0",
    "filename" : "mscorlib.dll",
    "sizeofimage" : "0x470000",
    "timestamp" : "0xa0d14779",
    "il_offset" : "0x00000"
  }
,
 {
    "is_managed" : "true",
    "guid" : "CC07565D-1E88-4982-B048-75F1B674AFB1",
    "token" : "0x60059b3",
    "native_offset" : "0x0",
    "filename" : "mscorlib.dll",
    "sizeofimage" : "0x470000",
    "timestamp" : "0xa0d14779",
    "il_offset" : "0x00000"
  }
,
 {
    "is_managed" : "true",
    "guid" : "CC07565D-1E88-4982-B048-75F1B674AFB1",
    "token" : "0x600564d",
    "native_offset" : "0x0",
    "filename" : "mscorlib.dll",
    "sizeofimage" : "0x470000",
    "timestamp" : "0xa0d14779",
    "il_offset" : "0x00000"
  }
,
 {
    "is_managed" : "true",
    "guid" : "CC07565D-1E88-4982-B048-75F1B674AFB1",
    "token" : "0x600591e",
    "native_offset" : "0x0",
    "filename" : "mscorlib.dll",
    "sizeofimage" : "0x470000",
    "timestamp" : "0xa0d14779",
    "il_offset" : "0x00000"
  }
,
 {
    "is_managed" : "true",
    "guid" : "CC07565D-1E88-4982-B048-75F1B674AFB1",
    "token" : "0x6005914",
    "native_offset" : "0x0",
    "filename" : "mscorlib.dll",
    "sizeofimage" : "0x470000",
    "timestamp" : "0xa0d14779",
    "il_offset" : "0x00000"
  }
,
 {
    "is_managed" : "true",
    "guid" : "CC07565D-1E88-4982-B048-75F1B674AFB1",
    "token" : "0x00000",
    "native_offset" : "0x0",
    "filename" : "mscorlib.dll",
    "sizeofimage" : "0x470000",
    "timestamp" : "0xa0d14779",
    "il_offset" : "0x00000"
  }
,
 {
    "is_managed" : "true",
    "guid" : "CC07565D-1E88-4982-B048-75F1B674AFB1",
    "token" : "0x6000622",
    "native_offset" : "0x0",
    "filename" : "mscorlib.dll",
    "sizeofimage" : "0x470000",
    "timestamp" : "0xa0d14779",
    "il_offset" : "0x00000"
  }
,
 {
    "is_managed" : "true",
    "guid" : "CC07565D-1E88-4982-B048-75F1B674AFB1",
    "token" : "0x60006cf",
    "native_offset" : "0x0",
    "filename" : "mscorlib.dll",
    "sizeofimage" : "0x470000",
    "timestamp" : "0xa0d14779",
    "il_offset" : "0x00000"
  }
,
 {
    "is_managed" : "true",
    "guid" : "CC07565D-1E88-4982-B048-75F1B674AFB1",
    "token" : "0x6000620",
    "native_offset" : "0x0",
    "filename" : "mscorlib.dll",
    "sizeofimage" : "0x470000",
    "timestamp" : "0xa0d14779",
    "il_offset" : "0x00000"
  }
,
 {
    "is_managed" : "true",
    "guid" : "CC07565D-1E88-4982-B048-75F1B674AFB1",
    "token" : "0x6000621",
    "native_offset" : "0x0",
    "filename" : "mscorlib.dll",
    "sizeofimage" : "0x470000",
    "timestamp" : "0xa0d14779",
    "il_offset" : "0x00000"
  }
,
 {
    "is_managed" : "true",
    "guid" : "CC07565D-1E88-4982-B048-75F1B674AFB1",
    "token" : "0x600061d",
    "native_offset" : "0x0",
    "filename" : "mscorlib.dll",
    "sizeofimage" : "0x470000",
    "timestamp" : "0xa0d14779",
    "il_offset" : "0x00000"
  }
,
 {
    "is_managed" : "true",
    "guid" : "CC07565D-1E88-4982-B048-75F1B674AFB1",
    "token" : "0x600061b",
    "native_offset" : "0x0",
    "filename" : "mscorlib.dll",
    "sizeofimage" : "0x470000",
    "timestamp" : "0xa0d14779",
    "il_offset" : "0x00000"
  }
,
 {
    "is_managed" : "true",
    "guid" : "CC07565D-1E88-4982-B048-75F1B674AFB1",
    "token" : "0x6000623",
    "native_offset" : "0x0",
    "filename" : "mscorlib.dll",
    "sizeofimage" : "0x470000",
    "timestamp" : "0xa0d14779",
    "il_offset" : "0x00000"
  }
,
 {
    "is_managed" : "true",
    "guid" : "CC07565D-1E88-4982-B048-75F1B674AFB1",
    "token" : "0x6000618",
    "native_offset" : "0x0",
    "filename" : "mscorlib.dll",
    "sizeofimage" : "0x470000",
    "timestamp" : "0xa0d14779",
    "il_offset" : "0x00000"
  }
,
 {
    "is_managed" : "true",
    "guid" : "CC07565D-1E88-4982-B048-75F1B674AFB1",
    "token" : "0x60006ca",
    "native_offset" : "0x0",
    "filename" : "mscorlib.dll",
    "sizeofimage" : "0x470000",
    "timestamp" : "0xa0d14779",
    "il_offset" : "0x00000"
  }
,
 {
    "is_managed" : "true",
    "guid" : "CC07565D-1E88-4982-B048-75F1B674AFB1",
    "token" : "0x60006cb",
    "native_offset" : "0x0",
    "filename" : "mscorlib.dll",
    "sizeofimage" : "0x470000",
    "timestamp" : "0xa0d14779",
    "il_offset" : "0x00000"
  }
,
 {
    "is_managed" : "true",
    "guid" : "CC07565D-1E88-4982-B048-75F1B674AFB1",
    "token" : "0x6000669",
    "native_offset" : "0x0",
    "filename" : "mscorlib.dll",
    "sizeofimage" : "0x470000",
    "timestamp" : "0xa0d14779",
    "il_offset" : "0x00000"
  }
,
 {
    "is_managed" : "true",
    "guid" : "CC07565D-1E88-4982-B048-75F1B674AFB1",
    "token" : "0x6000a44",
    "native_offset" : "0x0",
    "filename" : "mscorlib.dll",
    "sizeofimage" : "0x470000",
    "timestamp" : "0xa0d14779",
    "il_offset" : "0x00000"
  }
,
 {
    "is_managed" : "true",
    "guid" : "CC07565D-1E88-4982-B048-75F1B674AFB1",
    "token" : "0x6000aba",
    "native_offset" : "0x0",
    "filename" : "mscorlib.dll",
    "sizeofimage" : "0x470000",
    "timestamp" : "0xa0d14779",
    "il_offset" : "0x00000"
  }
,
 {
    "is_managed" : "true",
    "guid" : "CC07565D-1E88-4982-B048-75F1B674AFB1",
    "token" : "0x6000ab9",
    "native_offset" : "0x0",
    "filename" : "mscorlib.dll",
    "sizeofimage" : "0x470000",
    "timestamp" : "0xa0d14779",
    "il_offset" : "0x00000"
  }
,
 {
    "is_managed" : "true",
    "guid" : "CC07565D-1E88-4982-B048-75F1B674AFB1",
    "token" : "0x600574f",
    "native_offset" : "0x0",
    "filename" : "mscorlib.dll",
    "sizeofimage" : "0x470000",
    "timestamp" : "0xa0d14779",
    "il_offset" : "0x00000"
  }
,
 {
    "is_managed" : "true",
    "guid" : "CC07565D-1E88-4982-B048-75F1B674AFB1",
    "token" : "0x600574d",
    "native_offset" : "0x0",
    "filename" : "mscorlib.dll",
    "sizeofimage" : "0x470000",
    "timestamp" : "0xa0d14779",
    "il_offset" : "0x00000"
  }
,
 {
    "is_managed" : "true",
    "guid" : "CC07565D-1E88-4982-B048-75F1B674AFB1",
    "token" : "0x6005777",
    "native_offset" : "0x0",
    "filename" : "mscorlib.dll",
    "sizeofimage" : "0x470000",
    "timestamp" : "0xa0d14779",
    "il_offset" : "0x00000"
  }
,
 {
    "is_managed" : "true",
    "guid" : "CC07565D-1E88-4982-B048-75F1B674AFB1",
    "token" : "0x600578e",
    "native_offset" : "0x0",
    "filename" : "mscorlib.dll",
    "sizeofimage" : "0x470000",
    "timestamp" : "0xa0d14779",
    "il_offset" : "0x00000"
  }
,
 {
    "is_managed" : "true",
    "guid" : "CC07565D-1E88-4982-B048-75F1B674AFB1",
    "token" : "0x600578c",
    "native_offset" : "0x0",
    "filename" : "mscorlib.dll",
    "sizeofimage" : "0x470000",
    "timestamp" : "0xa0d14779",
    "il_offset" : "0x00000"
  }
,
 {
    "is_managed" : "true",
    "guid" : "CC07565D-1E88-4982-B048-75F1B674AFB1",
    "token" : "0x6005769",
    "native_offset" : "0x0",
    "filename" : "mscorlib.dll",
    "sizeofimage" : "0x470000",
    "timestamp" : "0xa0d14779",
    "il_offset" : "0x00000"
  }
,
 {
    "is_managed" : "true",
    "guid" : "CC07565D-1E88-4982-B048-75F1B674AFB1",
    "token" : "0x60056d6",
    "native_offset" : "0x0",
    "filename" : "mscorlib.dll",
    "sizeofimage" : "0x470000",
    "timestamp" : "0xa0d14779",
    "il_offset" : "0x00000"
  }
,
 {
    "is_managed" : "true",
    "guid" : "B6AA8FDF-6D81-44E5-88CC-59C2555FB2D5",
    "token" : "0x6000f2f",
    "native_offset" : "0x0",
    "filename" : "Burst.Compiler.IL.dll",
    "sizeofimage" : "0x164000",
    "timestamp" : "0xb3b5a32c",
    "il_offset" : "0x00000"
  }
,
 {
    "is_managed" : "true",
    "guid" : "B6AA8FDF-6D81-44E5-88CC-59C2555FB2D5",
    "token" : "0x6000022",
    "native_offset" : "0x0",
    "filename" : "Burst.Compiler.IL.dll",
    "sizeofimage" : "0x164000",
    "timestamp" : "0xb3b5a32c",
    "il_offset" : "0x00000"
  }
,
 {
    "is_managed" : "true",
    "guid" : "B6AA8FDF-6D81-44E5-88CC-59C2555FB2D5",
    "token" : "0x6000014",
    "native_offset" : "0x0",
    "filename" : "Burst.Compiler.IL.dll",
    "sizeofimage" : "0x164000",
    "timestamp" : "0xb3b5a32c",
    "il_offset" : "0x00000"
  }
,
 {
    "is_managed" : "true",
    "guid" : "B6AA8FDF-6D81-44E5-88CC-59C2555FB2D5",
    "token" : "0x6000015",
    "native_offset" : "0x0",
    "filename" : "Burst.Compiler.IL.dll",
    "sizeofimage" : "0x164000",
    "timestamp" : "0xb3b5a32c",
    "il_offset" : "0x00000"
  }
,
 {
    "is_managed" : "true",
    "guid" : "B6AA8FDF-6D81-44E5-88CC-59C2555FB2D5",
    "token" : "0x6000717",
    "native_offset" : "0x0",
    "filename" : "Burst.Compiler.IL.dll",
    "sizeofimage" : "0x164000",
    "timestamp" : "0xb3b5a32c",
    "il_offset" : "0x00000"
  }
,
 {
    "is_managed" : "true",
    "guid" : "B6AA8FDF-6D81-44E5-88CC-59C2555FB2D5",
    "token" : "0x6000783",
    "native_offset" : "0x0",
    "filename" : "Burst.Compiler.IL.dll",
    "sizeofimage" : "0x164000",
    "timestamp" : "0xb3b5a32c",
    "il_offset" : "0x00000"
  }
,
 {
    "is_managed" : "true",
    "guid" : "B6AA8FDF-6D81-44E5-88CC-59C2555FB2D5",
    "token" : "0x600077e",
    "native_offset" : "0x0",
    "filename" : "Burst.Compiler.IL.dll",
    "sizeofimage" : "0x164000",
    "timestamp" : "0xb3b5a32c",
    "il_offset" : "0x00000"
  }
,
 {
    "is_managed" : "true",
    "guid" : "B6AA8FDF-6D81-44E5-88CC-59C2555FB2D5",
    "token" : "0x00000",
    "native_offset" : "0x0",
    "filename" : "Burst.Compiler.IL.dll",
    "sizeofimage" : "0x164000",
    "timestamp" : "0xb3b5a32c",
    "il_offset" : "0x00000"
  }
,
 {
    "is_managed" : "false",
    "native_address" : "0x164011c88",
    "native_offset" : "0x00000"
  }
,
 {
    "is_managed" : "false",
    "native_address" : "0x16419784c",
    "native_offset" : "0x00000"
  }
,
 {
    "is_managed" : "false",
    "native_address" : "0x16419776c",
    "native_offset" : "0x00000"
  }
,
 {
    "is_managed" : "false",
    "native_address" : "0x104e676dc",
    "native_offset" : "0x00000"
  }
,
 {
    "is_managed" : "false",
    "native_address" : "0x104e6284c",
    "native_offset" : "0x00000"
  }
,
 {
    "is_managed" : "false",
    "native_address" : "0x1047d4bbc",
    "native_offset" : "0x00000"
  }
,
 {
    "is_managed" : "false",
    "native_address" : "0x1047d8144",
    "native_offset" : "0x00000"
  }
,
 {
    "is_managed" : "false",
    "native_address" : "0x1042349cc",
    "native_offset" : "0x00000"
  }
,
 {
    "is_managed" : "true",
    "guid" : "21999E26-4CA3-49A1-92C1-A21308164235",
    "token" : "0x00000",
    "native_offset" : "0x0",
    "filename" : "UnityEngine.CoreModule.dll",
    "sizeofimage" : "0x15e000",
    "timestamp" : "0xd45c566d",
    "il_offset" : "0x00000"
  }
,
 {
    "is_managed" : "true",
    "guid" : "0E24998A-B98D-4A28-8F02-893E7CD55104",
    "token" : "0x6000043",
    "native_offset" : "0x0",
    "filename" : "Unity.Burst.dll",
    "sizeofimage" : "0x58000",
    "timestamp" : "0xfdb2f5eb",
    "il_offset" : "0x00000"
  }
,
 {
    "is_managed" : "true",
    "guid" : "0E24998A-B98D-4A28-8F02-893E7CD55104",
    "token" : "0x600002f",
    "native_offset" : "0x0",
    "filename" : "Unity.Burst.dll",
    "sizeofimage" : "0x58000",
    "timestamp" : "0xfdb2f5eb",
    "il_offset" : "0x00000"
  }
,
 {
    "is_managed" : "true",
    "guid" : "0E24998A-B98D-4A28-8F02-893E7CD55104",
    "token" : "0x6000154",
    "native_offset" : "0x0",
    "filename" : "Unity.Burst.dll",
    "sizeofimage" : "0x58000",
    "timestamp" : "0xfdb2f5eb",
    "il_offset" : "0x00000"
  }
,
 {
    "is_managed" : "true",
    "guid" : "CC07565D-1E88-4982-B048-75F1B674AFB1",
    "token" : "0x00000",
    "native_offset" : "0x0",
    "filename" : "mscorlib.dll",
    "sizeofimage" : "0x470000",
    "timestamp" : "0xa0d14779",
    "il_offset" : "0x00000"
  }
,
 {
    "is_managed" : "false",
    "native_address" : "0x164011c88",
    "native_offset" : "0x00000"
  }
,
 {
    "is_managed" : "false",
    "native_address" : "0x16419784c",
    "native_offset" : "0x00000"
  }
,
 {
    "is_managed" : "false",
    "native_address" : "0x164193c8c",
    "native_offset" : "0x00000"
  }
,
 {
    "is_managed" : "false",
    "native_address" : "0x164158c0c",
    "native_offset" : "0x00000"
  }
,
 {
    "is_managed" : "true",
    "guid" : "CC07565D-1E88-4982-B048-75F1B674AFB1",
    "token" : "0x00000",
    "native_offset" : "0x0",
    "filename" : "mscorlib.dll",
    "sizeofimage" : "0x470000",
    "timestamp" : "0xa0d14779",
    "il_offset" : "0x00000"
  }
,
 {
    "is_managed" : "true",
    "guid" : "CC07565D-1E88-4982-B048-75F1B674AFB1",
    "token" : "0x600471a",
    "native_offset" : "0x0",
    "filename" : "mscorlib.dll",
    "sizeofimage" : "0x470000",
    "timestamp" : "0xa0d14779",
    "il_offset" : "0x00000"
  }
,
 {
    "is_managed" : "true",
    "guid" : "8F8DCEDA-F280-4841-97E0-5E476A05977B",
    "token" : "0x6002b25",
    "native_offset" : "0x0",
    "filename" : "UnityEditor.CoreModule.dll",
    "sizeofimage" : "0x812000",
    "timestamp" : "0x90fe0bd2",
    "il_offset" : "0x00000"
  }

 ]
}
]
}